date,open,high,low,close,average,volume,count
1611910800,263.01,263.21,262.7,263.03,262.993,28,10
1611911100,263.21,263.21,263.21,263.21,263.21,5,5
1611911400,263.21,263.21,262.7,262.7,262.809,29,9
1611911700,262.73,262.73,262.55,262.55,262.688,5,5
1611912000,262.01,262.01,261.0,261.0,261.507,11,9
1611912300,261.0,261.0,261.0,261.0,261.0,0,0
1611912600,262.47,262.48,262.47,262.48,262.475,2,2
1611912900,262.48,262.48,262.48,262.48,262.48,0,0
1611913200,262.48,262.48,262.48,262.48,262.48,0,0
1611913500,262.55,262.55,262.01,262.01,262.483,8,5
1611913800,262.01,262.01,262.01,262.01,262.01,0,0
1611914100,262.01,262.01,262.01,262.01,262.01,0,0
1611914400,261.2,261.2,261.2,261.2,261.2,1,1
1611914700,261.3,261.3,261.0,261.0,261.024,41,10
1611915000,261.18,261.2,261.03,261.03,261.167,7,5
1611915300,260.8,260.8,260.8,260.8,260.8,1,1
1611915600,261.0,261.0,260.98,260.98,260.995,4,2
1611915900,260.98,260.98,260.98,260.98,260.98,0,0
1611916200,261.84,261.84,261.55,261.55,261.729,2,2
1611916500,261.84,261.84,261.84,261.84,261.84,3,1
1611916800,261.98,261.98,261.98,261.98,261.98,3,1
1611917100,261.98,261.98,261.98,261.98,261.98,0,0
1611917400,261.98,261.98,261.98,261.98,261.98,0,0
1611917700,263.0,263.0,263.0,263.0,263.0,5,3
1611918000,263.45,263.45,263.45,263.45,263.45,5,1
1611918300,263.45,263.45,263.45,263.45,263.45,0,0
1611918600,262.62,262.99,262.62,262.99,262.829,3,3
1611918900,263.45,263.45,263.45,263.45,263.45,7,3
1611919200,263.2,263.2,262.61,262.61,262.921,3,2
1611919500,263.41,263.41,263.41,263.41,263.41,6,2
1611919800,263.41,263.41,263.41,263.41,263.41,0,0
1611920100,264.0,264.06,264.0,264.06,264.009,9,5
1611920400,264.17,264.17,264.17,264.17,264.17,1,1
1611920700,264.15,264.16,263.3,263.35,263.57,11,8
1611921000,263.82,264.1,263.82,264.1,263.965,8,4
1611921300,263.43,263.43,263.3,263.3,263.348,5,3
1611921600,263.0,264.35,263.0,264.35,263.771,54,29
1611921900,264.34,264.34,263.79,264.0,264.043,21,9
1611922200,263.95,264.25,263.95,264.07,264.108,26,10
1611922500,264.1,264.1,264.0,264.1,264.08,6,4
1611922800,264.2,264.3,264.2,264.3,264.279,13,5
1611923100,264.6,265.0,264.5,265.0,264.7,61,28
1611923400,265.2,266.0,265.1,265.39,265.532,63,22
1611923700,265.13,265.39,264.7,264.71,265.118,37,29
1611924000,264.22,264.33,263.85,264.15,264.088,108,51
1611924300,264.0,264.15,263.8,264.09,264.065,54,37
1611924600,264.0,264.0,263.0,263.39,263.63,41,19
1611924900,263.7,263.85,263.29,263.35,263.605,17,16
1611925200,263.85,266.49,261.92,264.15,263.587,350,135
1611925500,263.53,264.8,263.53,264.16,264.26,49,32
1611925800,264.22,265.0,263.98,264.78,264.212,115,32
1611926100,264.65,265.0,264.56,265.0,264.888,52,13
1611926400,264.6,265.15,264.0,265.15,264.591,78,27
1611926700,265.0,265.2,264.6,264.6,264.987,34,12
1611927000,265.0,265.5,265.0,265.41,265.163,52,15
1611927300,265.41,265.79,265.28,265.31,265.52,47,18
1611927600,265.4,265.79,265.4,265.4,265.683,48,6
1611927900,265.74,265.8,265.7,265.79,265.75,24,9
1611928200,265.92,265.92,265.1,265.63,265.469,36,12
1611928500,265.76,266.0,265.5,265.5,265.844,52,21
1611928800,265.5,265.51,265.0,265.43,265.166,59,32
1611929100,265.5,265.54,264.3,264.3,264.791,87,34
1611929400,264.3,265.5,264.3,265.5,264.997,43,24
1611929700,265.5,265.5,264.75,265.2,265.226,29,12
1611930000,265.0,265.2,264.8,265.2,264.959,15,9
1611930300,264.9,265.51,264.75,265.51,265.069,49,22
1611930600,265.51,266.56,263.1,263.77,264.755,9007,3088
1611930900,263.81,263.81,262.05,262.17,262.696,3436,2123
1611931200,262.08,262.16,260.48,261.3,261.125,5082,2863
1611931500,261.3,261.9,260.15,261.24,261.035,4226,2290
1611931800,261.34,262.04,260.43,261.0,261.377,3261,1692
1611932100,261.04,262.02,261.04,261.39,261.655,2805,1394
1611932400,261.28,261.47,260.26,260.37,260.826,2823,1403
1611932700,260.46,260.46,258.15,258.72,259.174,5672,2689
1611933000,258.78,260.39,258.68,260.02,259.558,4277,2001
1611933300,260.1,260.18,258.81,259.06,259.531,3582,1250
1611933600,259.06,259.72,258.9,259.29,259.233,3095,1615
1611933900,259.28,260.15,259.1,259.43,259.768,3127,1702
1611934200,259.41,259.41,258.44,258.97,258.858,3765,1722
1611934500,258.93,258.95,257.75,258.16,258.295,3904,1993
1611934800,258.09,258.86,256.91,256.98,257.765,4102,2117
1611935100,256.95,258.27,256.62,258.26,257.351,4557,2264
1611935400,258.27,258.78,257.57,257.87,258.236,2482,1378
1611935700,257.87,259.07,257.85,258.74,258.646,2486,1230
1611936000,258.76,259.25,257.85,258.01,258.617,2824,1357
1611936300,258.05,258.33,257.35,258.19,257.87,2055,1115
1611936600,258.19,258.19,256.93,257.08,257.352,2132,1204
1611936900,257.05,257.45,256.85,257.22,257.105,2504,1241
1611937200,257.19,257.22,256.01,256.46,256.493,3022,1644
1611937500,256.48,257.6,256.13,256.92,256.815,2974,1546
1611937800,256.68,257.21,256.5,256.83,256.906,1874,1049
1611938100,256.79,257.17,255.95,256.98,256.424,2432,1337
1611938400,256.94,257.53,256.38,257.47,256.901,3466,1053
1611938700,257.47,257.57,256.53,257.25,257.093,1643,967
1611939000,257.25,257.95,256.96,257.86,257.501,2180,1038
1611939300,257.9,258.07,256.9,257.61,257.605,1964,1034
1611939600,257.61,257.94,257.0,257.3,257.456,1367,754
1611939900,257.37,257.43,256.95,257.35,257.206,1028,593
1611940200,257.3,258.18,257.27,257.44,257.798,2313,1085
1611940500,257.41,257.45,256.49,256.51,256.88,1972,980
1611940800,256.52,256.69,256.11,256.24,256.418,1764,930
1611941100,256.19,256.86,256.15,256.75,256.529,1779,886
1611941400,256.71,257.34,256.51,256.9,256.992,1998,1027
1611941700,256.92,256.95,255.58,255.88,256.159,2454,1106
1611942000,255.88,256.59,255.72,255.9,256.089,2101,955
1611942300,255.81,256.16,255.11,255.29,255.469,2113,947
1611942600,255.28,256.35,255.13,256.04,255.737,2791,1507
1611942900,256.1,256.22,255.22,255.27,255.709,1471,784
1611943200,255.2,256.2,255.06,255.76,255.681,1624,879
1611943500,255.76,255.97,255.1,255.7,255.473,1349,743
1611943800,255.6,255.82,255.01,255.4,255.411,1894,809
1611944100,255.31,255.7,255.0,255.02,255.277,2158,1205
1611944400,255.09,256.3,255.02,256.2,255.816,1717,955
1611944700,256.17,257.03,256.08,256.93,256.605,2116,1033
1611945000,256.9,257.01,256.18,256.37,256.633,1409,869
1611945300,256.39,257.27,256.23,257.19,256.907,1687,779
1611945600,257.16,257.7,256.73,257.46,257.171,1778,783
1611945900,257.41,257.89,256.55,257.15,257.243,2198,1170
1611946200,257.18,257.47,256.93,257.05,257.193,1878,945
1611946500,257.02,257.13,256.33,256.46,256.621,1194,707
1611946800,256.43,257.7,256.4,257.42,257.29,1559,1012
1611947100,257.46,257.75,256.96,257.66,257.388,1331,847
1611947400,257.69,257.96,257.38,257.85,257.691,1086,709
1611947700,257.86,258.86,257.8,258.47,258.205,2206,1297
1611948000,258.46,258.82,258.38,258.77,258.61,2224,1523
1611948300,258.77,259.63,258.76,259.56,259.214,2792,1627
1611948600,259.54,259.65,257.75,257.96,258.68,2958,1563
1611948900,257.99,258.42,257.63,257.9,258.034,1393,841
1611949200,257.87,258.49,257.35,258.02,258.001,1545,925
1611949500,257.93,258.78,257.77,258.21,258.339,1615,1005
1611949800,258.19,258.85,258.09,258.42,258.512,1128,693
1611950100,258.25,258.61,258.01,258.25,258.333,1064,640
1611950400,258.31,259.7,258.31,259.68,259.18,2358,1168
1611950700,259.65,259.85,258.91,259.3,259.484,1947,1279
1611951000,259.35,260.14,259.34,259.65,259.752,1570,1027
1611951300,259.67,260.07,259.48,259.93,259.776,1816,1171
1611951600,259.91,260.47,259.8,259.99,260.189,2042,1239
1611951900,260.0,260.16,259.25,259.37,259.656,1405,937
1611952200,259.37,260.13,259.34,259.92,259.737,2049,1274
1611952500,259.88,259.92,258.57,258.58,259.183,2223,1201
1611952800,258.65,258.88,258.23,258.49,258.647,1534,1088
1611953100,258.44,258.7,257.6,258.66,258.059,2951,1993
1611953400,258.66,259.84,258.43,259.48,259.343,4094,2858
1611953700,259.43,260.0,257.98,258.33,258.919,8797,5587
1611954000,258.33,260.14,256.76,258.33,258.322,17270,170
1611954300,257.32,257.86,257.32,257.86,257.697,77,18
1611954600,257.6,258.33,257.6,257.8,258.115,182,28
1611954900,257.65,257.81,257.65,257.81,257.711,19,7
1611955200,257.86,257.93,257.8,257.93,257.86,40,8
1611955500,257.87,258.0,257.87,257.95,257.893,47,14
1611955800,257.9,257.9,257.62,257.62,257.736,37,16
1611956100,258.33,258.33,257.59,257.62,258.274,203,14
1611956400,257.6,257.6,257.4,257.5,257.485,18,10
1611956700,257.43,257.6,257.42,257.6,257.447,8,5
1611957000,257.48,257.77,257.48,257.6,257.631,20,9
1611957300,257.5,257.5,257.4,257.4,257.465,24,12
1611957600,257.35,257.5,257.35,257.5,257.393,6,2
1611957900,257.48,257.52,257.12,257.43,257.361,71,27
1611958200,257.43,257.78,257.4,257.64,257.523,42,15
1611958500,257.64,257.7,257.25,257.38,257.436,35,12
1611958800,257.33,257.6,257.33,257.6,257.562,25,5
1611959100,257.3,257.51,257.3,257.36,257.321,58,9
1611959400,257.31,257.31,257.3,257.3,257.308,16,10
1611959700,257.45,257.5,257.35,257.5,257.474,10,5
1611960000,257.36,257.36,257.36,257.36,257.36,1,1
1611960300,257.37,257.45,257.37,257.45,257.395,4,4
1611960600,257.31,257.31,257.31,257.31,257.31,2,2
1611960900,257.31,257.31,257.31,257.31,257.31,12,3
1611961200,257.45,257.45,257.31,257.31,257.34,6,6
1611961500,257.31,257.31,257.31,257.31,257.31,7,3
1611961800,257.44,257.44,257.43,257.44,257.44,1,1
1611962100,257.31,257.44,257.3,257.31,257.32,9,5
1611962400,257.31,257.31,257.31,257.31,257.31,9,4
1611962700,257.31,257.31,257.31,257.31,257.31,2,2
1611963000,257.31,257.5,257.31,257.5,257.436,11,5
1611963300,257.5,257.5,257.3,257.39,257.362,8,3
1611963600,257.41,257.42,257.41,257.41,257.41,2,1
1611963900,257.41,257.41,257.41,257.41,257.41,0,0
1611964200,257.41,257.41,257.41,257.41,257.41,0,0
1611964500,257.27,257.27,257.27,257.27,257.27,1,1
1611964800,257.38,257.38,257.25,257.25,257.287,12,4
1611965100,257.4,257.5,257.27,257.35,257.409,7,5
1611965400,257.35,257.35,257.25,257.25,257.303,2,2
1611965700,257.34,257.34,257.12,257.12,257.234,8,5
1611966000,257.01,257.3,257.0,257.01,257.19,8,4
1611966300,257.01,257.03,257.01,257.03,257.028,11,5
1611966600,257.03,257.2,257.0,257.2,257.064,18,11
1611966900,257.25,257.25,257.1,257.1,257.198,11,4
1611967200,257.15,257.15,257.0,257.02,257.046,18,10
1611967500,257.02,257.1,257.0,257.0,257.054,18,3
1611967800,257.15,257.15,257.0,257.0,257.087,38,10
1611968100,257.0,257.52,257.0,257.52,257.349,40,13
1612170000,261.02,261.04,261.02,261.04,261.03,7,2
1612170300,261.07,261.07,261.0,261.0,261.037,120,6
1612170600,261.0,261.0,261.0,261.0,261.0,2,2
1612170900,261.2,261.2,261.2,261.2,261.2,9,7
1612171200,261.2,261.2,261.2,261.2,261.2,0,0
1612171500,261.5,261.5,261.5,261.5,261.5,1,1
1612171800,261.27,261.27,261.27,261.27,261.27,1,1
1612172100,261.31,261.31,261.31,261.31,261.31,3,2
1612172400,261.31,261.31,261.31,261.31,261.31,1,1
1612172700,261.37,261.4,261.33,261.4,261.378,23,8
1612173000,261.35,261.38,261.35,261.38,261.371,4,2
1612173300,261.5,261.54,261.5,261.54,261.535,8,3
1612173600,261.92,261.98,261.65,261.65,261.848,3,3
1612173900,261.64,261.64,261.54,261.54,261.558,66,7
1612174200,261.55,261.55,261.54,261.54,261.545,2,2
1612174500,261.54,261.76,261.36,261.7,261.616,20,14
1612174800,261.7,261.76,261.7,261.7,261.715,11,6
1612175100,261.4,261.55,261.4,261.55,261.501,11,5
1612175400,261.6,261.6,261.55,261.55,261.564,8,6
1612175700,261.55,261.55,261.55,261.55,261.55,1,1
1612176000,261.5,261.55,261.4,261.4,261.442,16,12
1612176300,261.4,261.4,261.4,261.4,261.4,1,1
1612176600,261.4,261.4,261.4,261.4,261.4,0,0
1612176900,261.34,261.34,261.3,261.3,261.33,20,7
1612177200,261.3,261.45,261.3,261.3,261.377,13,8
1612177500,261.3,261.3,261.2,261.2,261.278,7,3
1612177800,261.15,261.3,261.15,261.3,261.265,4,3
1612178100,261.3,261.3,261.3,261.3,261.3,0,0
1612178400,261.3,261.3,261.3,261.3,261.3,1,1
1612178700,262.0,262.0,261.9,261.99,261.916,11,3
1612179000,262.53,262.53,262.53,262.53,262.53,4,2
1612179300,261.48,261.48,261.48,261.48,261.48,1,1
1612179600,261.51,261.75,261.21,261.69,261.571,6,6
1612179900,261.54,261.69,261.54,261.54,261.621,5,4
1612180200,261.54,261.54,261.54,261.54,261.54,0,0
1612180500,261.63,261.63,261.6,261.6,261.609,15,3
1612180800,261.72,261.72,260.85,260.85,261.116,114,55
1612181100,260.86,261.0,260.58,260.67,260.809,54,27
1612181400,260.37,260.85,260.33,260.85,260.533,73,31
1612181700,260.53,260.75,260.4,260.49,260.495,52,32
1612182000,260.43,260.65,260.4,260.65,260.485,32,11
1612182300,260.56,260.66,260.33,260.63,260.438,43,23
1612182600,260.5,260.58,260.4,260.47,260.498,34,15
1612182900,260.47,260.6,260.34,260.34,260.458,39,17
1612183200,260.33,260.94,260.33,260.76,260.545,53,24
1612183500,260.6,260.6,260.44,260.44,260.52,5,4
1612183800,260.35,260.82,260.35,260.5,260.422,63,14
1612184100,260.55,260.55,260.18,260.38,260.434,28,16
1612184400,261.01,261.53,260.11,260.14,260.716,220,76
1612184700,260.2,260.78,260.2,260.5,260.434,40,16
1612185000,260.35,260.4,260.27,260.4,260.362,11,10
1612185300,260.48,260.69,260.4,260.5,260.537,27,16
1612185600,260.63,260.68,260.5,260.68,260.614,34,9
1612185900,260.7,260.76,260.68,260.74,260.694,37,23
1612186200,260.81,260.82,260.5,260.5,260.674,37,17
1612186500,260.5,260.83,260.4,260.83,260.632,31,19
1612186800,260.7,261.0,260.38,260.68,260.733,122,56
1612187100,260.8,261.0,260.62,260.9,260.917,35,20
1612187400,260.9,260.98,260.5,260.78,260.689,46,17
1612187700,260.53,260.77,260.42,260.62,260.578,20,10
1612188000,260.94,260.94,260.42,260.42,260.599,27,13
1612188300,260.25,260.3,260.0,260.0,260.143,50,24
1612188600,260.01,260.25,260.0,260.25,260.104,37,18
1612188900,260.4,260.61,260.25,260.5,260.389,16,8
1612189200,260.59,260.61,259.98,259.98,260.169,41,25
1612189500,260.1,260.3,259.69,260.0,259.98,41,17
1612189800,259.52,260.87,258.14,260.32,259.685,9496,3224
1612190100,260.32,260.35,258.52,258.82,259.462,3664,2263
1612190400,258.78,258.91,256.65,257.44,257.509,4365,2486
1612190700,257.44,257.7,255.93,256.35,256.785,2871,1580
1612191000,256.34,256.76,255.7,255.87,256.224,3736,1848
1612191300,255.91,256.11,255.1,255.75,255.683,4546,2616
1612191600,255.61,256.0,254.91,255.8,255.446,3624,2101
1612191900,255.83,257.07,255.82,256.32,256.444,2773,1628
1612192200,256.32,257.33,256.17,257.01,256.926,1520,896
1612192500,257.05,258.02,256.86,257.94,257.69,2377,1201
1612192800,257.9,259.6,257.84,258.82,258.874,3476,1744
1612193100,258.76,259.51,258.56,259.36,259.012,2440,1138
1612193400,259.47,259.7,258.25,258.38,259.108,1745,941
1612193700,258.37,258.94,257.35,257.82,257.936,2392,1264
1612194000,257.95,259.07,257.8,259.0,258.433,1311,689
1612194300,259.0,259.36,258.44,258.54,258.821,835,548
1612194600,258.65,258.93,256.73,256.8,257.931,2275,1113
1612194900,256.77,257.31,256.17,257.07,256.726,2728,1432
1612195200,257.02,257.24,256.4,257.11,256.794,1157,653
1612195500,257.06,257.72,256.95,257.63,257.286,2620,459
1612195800,257.55,257.68,256.81,256.96,257.272,1130,626
1612196100,256.87,257.45,256.73,257.33,257.108,1140,626
1612196400,257.4,257.98,257.32,257.74,257.669,1484,754
1612196700,257.78,258.67,257.59,258.4,258.175,1703,839
1612197000,258.45,258.97,258.38,258.66,258.691,1316,767
1612197300,258.67,258.72,258.01,258.63,258.377,990,614
1612197600,258.69,259.54,258.61,258.69,259.119,2595,1089
1612197900,258.7,259.28,258.39,259.23,258.871,1122,581
1612198200,259.23,259.48,258.91,259.15,259.187,1260,699
1612198500,259.19,259.47,258.76,259.15,259.169,1829,789
1612198800,259.31,259.9,258.92,259.8,259.53,1824,759
1612199100,259.83,261.37,259.64,260.7,260.582,4851,1964
1612199400,260.74,262.16,260.7,261.93,261.278,2708,1360
1612199700,261.99,262.09,261.26,261.68,261.678,2003,1093
1612200000,261.73,262.68,261.57,262.66,262.134,2392,1058
1612200300,262.67,262.72,261.57,261.69,262.318,1982,1005
1612200600,261.66,262.36,261.4,261.47,261.888,1214,653
1612200900,261.41,261.95,261.41,261.78,261.709,819,433
1612201200,261.83,262.36,261.03,261.32,261.732,2191,899
1612201500,261.34,261.9,261.2,261.6,261.571,852,512
1612201800,261.56,262.6,261.56,262.39,262.246,1644,564
1612202100,262.39,263.01,262.11,262.75,262.601,1998,758
1612202400,262.72,262.8,261.58,261.81,262.162,1977,919
1612202700,261.77,262.54,261.77,262.29,262.233,672,442
1612203000,262.35,262.42,261.91,262.09,262.153,909,522
1612203300,262.12,262.74,261.95,262.63,262.391,720,372
1612203600,262.61,263.25,262.37,263.08,262.941,1159,663
1612203900,263.06,263.36,262.84,262.96,263.071,1054,599
1612204200,262.99,263.55,262.98,263.2,263.257,1270,584
1612204500,263.25,263.32,262.66,262.86,262.856,1212,710
1612204800,262.86,263.28,262.8,262.98,263.044,1147,640
1612205100,263.13,263.45,262.94,263.28,263.242,1229,719
1612205400,263.29,263.62,263.11,263.36,263.357,819,531
1612205700,263.43,263.88,263.34,263.77,263.613,1319,680
1612206000,263.74,264.17,263.64,263.68,263.927,1748,969
1612206300,263.7,264.17,263.3,263.94,263.734,1511,819
1612206600,263.94,263.94,263.33,263.47,263.715,773,472
1612206900,263.5,263.69,263.32,263.49,263.502,683,350
1612207200,263.49,263.49,263.04,263.11,263.227,1000,504
1612207500,263.06,263.56,263.03,263.38,263.335,667,402
1612207800,263.39,263.93,263.37,263.68,263.665,1258,719
1612208100,263.68,263.75,263.33,263.5,263.577,684,438
1612208400,263.55,263.95,263.5,263.58,263.714,1264,589
1612208700,263.57,263.79,263.45,263.79,263.597,676,416
1612209000,263.81,264.12,263.51,263.54,263.89,973,476
1612209300,263.52,263.52,262.91,263.06,263.122,954,536
1612209600,263.05,263.28,263.0,263.12,263.148,830,508
1612209900,263.16,263.5,262.91,263.1,263.231,1066,585
1612210200,263.08,263.33,262.73,262.94,263.01,1035,651
1612210500,262.96,263.36,262.71,263.32,263.016,1265,538
1612210800,263.29,263.45,262.87,263.02,263.07,987,581
1612211100,263.04,263.24,262.84,262.91,263.082,1153,651
1612211400,262.88,263.09,262.63,262.99,262.832,1202,668
1612211700,263.05,263.29,262.75,262.81,263.027,1420,859
1612212000,262.81,263.15,262.68,262.95,262.918,1302,691
1612212300,262.94,263.2,262.84,263.12,262.985,1605,960
1612212600,263.07,263.76,263.0,263.65,263.448,1987,1369
1612212900,263.62,263.65,261.66,261.99,262.431,7771,3596
1612213200,261.98,262.01,261.95,262.0,262.01,14521,68
1612213500,261.75,262.01,261.63,261.9,261.709,39,15
1612213800,261.9,262.38,261.75,262.25,261.988,57,11
1612214100,261.9,262.08,261.9,262.08,261.967,3,2
1612214400,261.8,262.0,261.8,262.0,261.935,10,7
1612214700,261.75,261.75,261.75,261.75,261.75,2,2
1612215000,261.8,262.0,261.79,262.0,261.941,16,6
1612215300,261.95,261.96,261.95,261.96,261.956,13,7
1612215600,261.97,262.0,261.95,261.95,261.98,9,5
1612215900,262.1,262.1,262.0,262.0,262.049,3,2
1612216200,262.1,262.1,262.0,262.0,262.067,3,2
1612216500,261.95,261.95,261.75,261.93,261.855,11,8
1612216800,261.99,261.99,261.99,261.99,261.99,2,1
1612217100,262.1,262.1,262.0,262.0,262.063,14,10
1612217400,262.0,262.15,261.98,262.15,262.084,43,11
1612217700,262.14,262.14,262.0,262.0,262.039,7,4
1612218000,262.1,262.1,262.01,262.1,262.024,20,9
1612218300,262.02,262.05,262.02,262.02,262.024,7,3
1612218600,262.05,262.09,261.99,262.09,262.029,39,9
1612218900,262.0,262.0,262.0,262.0,262.0,20,1
1612219200,262.0,262.1,262.0,262.1,262.009,10,4
1612219500,262.09,262.19,262.09,262.19,262.125,6,4
1612219800,262.19,262.19,262.01,262.01,262.181,31,8
1612220100,262.25,262.25,262.01,262.01,262.137,3,3
1612220400,262.01,262.07,262.01,262.05,262.037,28,8
1612220700,262.18,262.23,262.06,262.06,262.169,40,13
1612221000,262.2,262.31,262.2,262.3,262.272,21,7
1612221300,262.19,262.19,262.1,262.1,262.132,4,3
1612221600,262.16,262.31,262.16,262.31,262.275,4,4
1612221900,262.31,262.31,262.31,262.31,262.31,0,0
1612222200,262.26,262.26,262.26,262.26,262.26,1,1
1612222500,262.39,262.39,262.26,262.26,262.336,4,3
1612222800,262.26,262.26,262.26,262.26,262.26,0,0
1612223100,262.26,262.26,262.26,262.26,262.26,0,0
1612223400,262.14,262.19,262.02,262.1,262.12,30,10
1612223700,262.1,262.1,262.1,262.1,262.1,0,0
1612224000,262.1,262.1,262.1,262.1,262.1,0,0
1612224300,262.1,262.1,262.1,262.1,262.1,0,0
1612224600,262.09,262.09,261.99,261.99,262.006,14,6
1612224900,262.0,262.0,262.0,262.0,262.0,2,2
1612225200,262.05,262.05,261.88,261.88,262.0,7,5
1612225500,261.8,261.8,261.8,261.8,261.8,5,1
1612225800,261.8,261.8,261.8,261.8,261.8,1,1
1612226100,261.9,261.99,261.75,261.75,261.895,12,4
1612226400,261.68,261.99,261.68,261.99,261.778,11,7
1612226700,262.0,262.03,261.99,262.0,262.0,26,9
1612227000,262.0,262.23,261.8,262.23,261.887,7,3
1612227300,262.0,262.23,262.0,262.23,262.176,6,3
1612256400,263.7,263.7,263.7,263.7,263.7,3,1
1612256700,263.95,263.95,263.95,263.95,263.95,2,1
1612257000,264.29,264.29,264.16,264.16,264.205,5,3
1612257300,264.16,264.16,264.16,264.16,264.16,0,0
1612257600,264.16,264.16,264.16,264.16,264.16,0,0
1612257900,264.16,264.16,264.16,264.16,264.16,0,0
1612258200,264.16,264.16,264.16,264.16,264.16,0,0
1612258500,264.29,264.29,264.29,264.29,264.29,1,1
1612258800,264.29,264.29,264.29,264.29,264.29,0,0
1612259100,264.29,264.29,264.29,264.29,264.29,0,0
1612259400,264.29,264.29,264.29,264.29,264.29,0,0
1612259700,264.84,264.84,264.84,264.84,264.84,2,1
1612260000,264.84,264.84,264.84,264.84,264.84,0,0
1612260300,264.6,264.65,264.6,264.65,264.606,11,2
1612260600,264.65,264.65,264.65,264.65,264.65,0,0
1612260900,264.65,264.65,264.65,264.65,264.65,0,0
1612261200,264.53,264.53,264.47,264.47,264.507,5,2
1612261500,264.59,264.59,264.59,264.59,264.59,9,2
1612261800,264.59,264.59,264.59,264.59,264.59,0,0
1612262100,264.59,264.59,264.59,264.59,264.59,0,0
1612262400,264.59,264.59,264.59,264.59,264.59,0,0
1612262700,264.35,264.35,264.35,264.35,264.35,2,1
1612263000,264.35,264.35,264.35,264.35,264.35,0,0
1612263300,264.35,264.35,264.35,264.35,264.35,1,1
1612263600,264.35,264.35,264.35,264.35,264.35,6,1
1612263900,264.35,264.35,264.35,264.35,264.35,0,0
1612264200,264.35,264.35,264.35,264.35,264.35,0,0
1612264500,264.21,264.39,264.2,264.2,264.305,11,5
1612264800,264.2,264.2,264.2,264.2,264.2,3,3
1612265100,264.2,264.2,264.2,264.2,264.2,0,0
1612265400,264.2,264.2,264.2,264.2,264.2,0,0
1612265700,264.2,264.2,264.2,264.2,264.2,2,2
1612266000,264.2,264.2,264.2,264.2,264.2,0,0
1612266300,264.2,264.2,264.2,264.2,264.2,0,0
1612266600,264.2,264.2,264.2,264.2,264.2,0,0
1612266900,264.2,264.2,264.18,264.18,264.192,4,3
1612267200,263.85,263.85,263.43,263.75,263.621,10,7
1612267500,263.77,264.2,263.77,264.18,264.055,15,13
1612267800,264.34,264.75,264.25,264.75,264.422,73,31
1612268100,264.72,264.72,264.66,264.69,264.695,3,3
1612268400,264.68,264.7,264.67,264.7,264.675,10,3
1612268700,264.7,264.7,264.7,264.7,264.7,0,0
1612269000,264.66,264.69,264.5,264.5,264.656,34,21
1612269300,264.61,264.61,264.53,264.53,264.536,14,6
1612269600,264.53,264.53,264.51,264.53,264.529,24,10
1612269900,264.53,264.54,264.53,264.53,264.531,9,6
1612270200,264.53,264.55,264.53,264.55,264.54,14,8
1612270500,264.54,264.54,264.3,264.3,264.512,26,16
1612270800,263.75,264.79,263.59,264.37,264.236,157,45
1612271100,264.28,264.31,264.28,264.31,264.291,3,3
1612271400,264.31,264.31,264.31,264.31,264.31,0,0
1612271700,264.23,264.32,264.2,264.2,264.25,3,3
1612272000,264.4,264.76,264.4,264.5,264.538,33,19
1612272300,264.35,264.35,264.23,264.23,264.256,7,4
1612272600,264.23,264.5,264.23,264.4,264.355,79,24
1612272900,264.4,264.4,264.34,264.34,264.355,21,9
1612273200,264.23,264.45,264.23,264.45,264.328,11,7
1612273500,264.32,264.32,264.2,264.23,264.269,19,17
1612273800,264.2,264.4,264.03,264.03,264.296,21,8
1612274100,264.1,264.27,263.98,264.06,264.02,45,13
1612274400,264.06,264.2,264.06,264.2,264.134,3,2
1612274700,264.05,264.1,264.0,264.0,264.015,62,24
1612275000,263.95,264.1,263.63,264.1,263.945,26,12
1612275300,263.9,264.0,263.7,263.7,263.936,81,23
1612275600,263.52,264.1,263.2,264.1,263.642,18,9
1612275900,264.05,264.28,264.0,264.02,264.195,65,31
1612276200,264.0,264.75,263.27,263.99,264.097,6387,2364
1612276500,263.96,266.23,263.5,265.31,265.114,4323,2292
1612276800,265.41,265.48,264.45,265.1,265.097,3716,1787
1612277100,265.1,266.89,264.92,266.66,265.998,3468,1760
1612277400,266.63,266.75,264.93,265.41,265.455,1877,1258
1612277700,265.44,266.37,265.39,265.84,265.762,2678,1213
1612278000,265.84,266.16,264.75,265.4,265.324,1998,1053
1612278300,265.36,266.16,264.64,265.9,265.26,1677,875
1612278600,265.97,266.37,265.28,265.82,265.896,1370,803
1612278900,265.82,267.72,265.78,267.61,266.822,2679,1460
1612279200,267.57,267.69,266.43,266.79,267.056,1471,966
1612279500,266.79,267.07,265.87,265.97,266.598,1360,831
1612279800,266.06,266.35,265.5,266.1,265.817,1573,758
1612280100,266.13,267.26,266.09,267.17,266.727,1886,805
1612280400,267.14,267.4,266.62,266.96,267.05,1283,706
1612280700,266.93,267.16,266.24,266.94,266.724,1164,653
1612281000,266.91,266.91,266.12,266.27,266.403,871,590
1612281300,266.24,266.43,265.75,265.76,266.036,786,483
1612281600,265.8,265.96,265.14,265.93,265.561,1216,664
1612281900,265.81,266.08,265.45,265.94,265.929,794,467
1612282200,265.92,266.18,265.5,265.79,265.816,768,364
1612282500,265.72,266.6,265.61,266.6,266.227,740,428
1612282800,266.59,266.9,266.12,266.64,266.48,1108,559
1612283100,266.61,267.72,266.61,267.67,267.231,1655,916
1612283400,267.69,268.11,267.15,267.7,267.743,2594,1349
1612283700,267.67,268.55,267.37,267.38,268.11,2439,1190
1612284000,267.34,268.07,267.34,267.8,267.708,937,632
1612284300,267.82,268.37,267.77,268.15,268.111,915,577
1612284600,268.16,268.31,267.9,268.3,268.12,1068,524
1612284900,268.32,268.55,268.08,268.15,268.333,1155,618
1612285200,268.19,268.19,267.71,267.75,267.998,872,424
1612285500,267.78,268.07,267.57,267.97,267.848,854,453
1612285800,268.0,268.33,267.81,268.23,268.129,714,364
1612286100,268.21,268.78,268.17,268.43,268.488,1206,619
1612286400,268.44,268.68,268.13,268.33,268.342,853,493
1612286700,268.34,268.79,268.23,268.49,268.504,971,483
1612287000,268.49,268.85,268.47,268.65,268.675,807,487
1612287300,268.7,268.74,268.27,268.52,268.476,782,416
1612287600,268.52,268.75,268.1,268.66,268.434,723,432
1612287900,268.68,268.76,268.04,268.04,268.393,773,409
1612288200,268.07,268.28,267.84,268.04,268.093,575,333
1612288500,268.06,268.41,267.81,268.41,268.095,706,430
1612288800,268.39,268.45,268.12,268.16,268.28,518,318
1612289100,268.19,268.38,268.02,268.09,268.244,519,359
1612289400,268.08,268.51,267.84,268.42,268.19,655,423
1612289700,268.4,268.53,267.89,267.89,268.272,892,357
1612290000,267.93,267.97,267.49,267.63,267.689,880,477
1612290300,267.67,268.1,267.45,267.8,267.688,1162,627
1612290600,267.82,268.15,267.79,268.02,268.006,777,474
1612290900,268.0,268.53,267.84,268.31,268.152,1047,560
1612291200,268.31,268.62,268.1,268.44,268.319,927,582
1612291500,268.47,268.64,268.13,268.22,268.383,799,503
1612291800,268.21,268.34,267.81,267.98,268.025,790,407
1612292100,268.01,268.15,267.87,268.06,268.02,858,480
1612292400,268.04,268.24,267.31,267.63,267.842,857,580
1612292700,267.67,267.73,267.36,267.42,267.569,581,329
1612293000,267.42,267.5,267.04,267.42,267.232,851,452
1612293300,267.4,267.68,267.15,267.51,267.444,662,389
1612293600,267.5,267.61,267.17,267.17,267.39,759,517
1612293900,267.18,267.3,266.81,267.0,267.002,1397,616
1612294200,266.97,267.02,266.62,266.71,266.809,1279,658
1612294500,266.72,267.45,266.65,267.45,266.903,1329,781
1612294800,267.41,267.84,267.23,267.77,267.584,790,477
1612295100,267.78,268.18,267.73,268.0,267.995,1302,646
1612295400,268.0,268.06,267.76,267.9,267.923,888,507
1612295700,267.86,267.87,267.34,267.57,267.599,1172,640
1612296000,267.59,267.79,267.25,267.64,267.573,1096,624
1612296300,267.63,267.64,266.95,267.01,267.204,1142,690
1612296600,267.08,267.52,266.99,267.38,267.218,1036,677
1612296900,267.38,267.61,267.1,267.6,267.298,987,653
1612297200,267.58,267.85,267.54,267.63,267.684,848,596
1612297500,267.62,268.0,267.41,267.92,267.683,887,550
1612297800,267.88,268.19,267.69,267.94,267.953,1416,842
1612298100,267.95,268.49,267.78,268.1,268.067,1697,1066
1612298400,268.1,268.12,267.7,267.75,267.919,1449,944
1612298700,267.75,268.04,267.74,267.93,267.931,1637,1153
1612299000,267.87,268.55,267.26,267.51,268.067,3277,2243
1612299300,267.46,267.52,266.94,267.0,267.238,4631,3222
1612299600,267.0,268.1,265.17,267.1,267.06,17446,74
1612299900,267.69,268.5,267.49,267.5,268.025,149,72
1612300200,267.25,267.97,267.25,267.9,267.655,45,25
1612300500,267.8,267.8,267.22,267.23,267.318,15,11
1612300800,267.22,267.76,266.99,267.01,267.215,57,23
1612301100,267.0,267.15,266.9,266.9,266.98,12,8
1612301400,267.04,267.3,266.9,267.0,267.108,103,23
1612301700,267.01,267.35,267.0,267.33,267.066,16,8
1612302000,267.06,267.33,266.9,266.9,267.01,48,9
1612302300,267.24,267.24,267.24,267.24,267.24,1,1
1612302600,267.24,267.24,267.24,267.24,267.24,1,1
1612302900,267.3,267.35,267.3,267.35,267.308,12,3
1612303200,267.32,267.32,267.28,267.28,267.293,6,5
1612303500,267.4,267.45,267.39,267.45,267.416,12,9
1612303800,267.4,267.65,267.4,267.65,267.557,12,5
1612304100,267.69,267.75,267.3,267.48,267.45,40,21
1612304400,267.58,267.66,267.58,267.66,267.627,4,3
1612304700,267.65,267.88,267.6,267.88,267.68,14,10
1612305000,267.6,267.95,267.6,267.6,267.773,10,4
1612305300,267.5,267.5,266.8,266.8,267.081,89,45
1612305600,266.98,267.0,266.8,266.98,266.983,90,12
1612305900,267.29,267.29,267.16,267.23,267.233,26,10
1612306200,267.23,267.23,267.0,267.0,267.045,15,10
1612306500,266.85,267.15,266.85,267.15,267.035,13,6
1612306800,267.0,267.0,266.86,266.86,266.93,4,3
1612307100,266.9,266.9,266.55,266.76,266.747,17,8
1612307400,266.88,266.88,266.85,266.85,266.859,7,3
1612307700,266.88,267.0,266.67,267.0,266.951,12,4
1612308000,267.0,267.08,266.8,267.08,266.936,16,5
1612308300,266.96,267.0,266.96,267.0,266.989,10,6
1612308600,267.0,267.0,267.0,267.0,267.0,0,0
1612308900,267.0,267.0,267.0,267.0,267.0,13,4
1612309200,267.17,267.5,267.17,267.48,267.3,62,8
1612309500,267.31,267.5,267.31,267.5,267.467,11,5
1612309800,267.3,267.3,267.3,267.3,267.3,1,1
1612310100,267.0,267.0,267.0,267.0,267.0,3,2
1612310400,267.0,267.0,267.0,267.0,267.0,0,0
1612310700,266.82,266.82,266.82,266.82,266.82,1,1
1612311000,266.82,266.82,266.82,266.82,266.82,0,0
1612311300,266.8,266.87,266.6,266.8,266.703,31,14
1612311600,266.82,266.82,266.68,266.8,266.784,4,3
1612311900,266.8,266.8,266.8,266.8,266.8,0,0
1612312200,267.0,267.1,266.85,266.87,266.956,10,8
1612312500,266.87,267.0,266.87,267.0,266.89,16,10
1612312800,267.5,267.5,267.5,267.5,267.5,27,7
1612313100,267.11,267.47,267.08,267.16,267.138,60,19
1612313400,267.38,267.5,267.33,267.33,267.365,36,13
1612313700,267.5,267.5,267.49,267.49,267.496,19,8
1612342800,267.9,267.9,267.9,267.9,267.9,3,1
1612343100,267.39,267.39,267.39,267.39,267.39,1,1
1612343400,267.39,267.39,267.39,267.39,267.39,0,0
1612343700,267.39,267.39,267.39,267.39,267.39,0,0
1612344000,267.39,267.39,267.39,267.39,267.39,0,0
1612344300,267.39,267.39,267.39,267.39,267.39,0,0
1612344600,267.39,267.39,267.39,267.39,267.39,0,0
1612344900,267.39,267.39,267.39,267.39,267.39,0,0
1612345200,267.39,267.39,267.39,267.39,267.39,0,0
1612345500,267.39,267.39,267.39,267.39,267.39,0,0
1612345800,267.39,267.39,267.39,267.39,267.39,0,0
1612346100,267.39,267.39,267.39,267.39,267.39,0,0
1612346400,267.39,267.39,267.39,267.39,267.39,0,0
1612346700,267.39,267.39,267.39,267.39,267.39,0,0
1612347000,267.39,267.39,267.39,267.39,267.39,0,0
1612347300,267.39,267.39,267.39,267.39,267.39,0,0
1612347600,267.9,267.9,267.9,267.9,267.9,1,1
1612347900,267.9,267.9,267.9,267.9,267.9,0,0
1612348200,267.9,267.9,267.9,267.9,267.9,0,0
1612348500,268.01,268.19,268.01,268.19,268.086,5,4
1612348800,268.19,268.19,268.19,268.19,268.19,0,0
1612349100,268.19,268.19,268.19,268.19,268.19,0,0
1612349400,268.19,268.19,268.19,268.19,268.19,0,0
1612349700,268.19,268.19,268.19,268.19,268.19,0,0
1612350000,268.2,268.2,268.2,268.2,268.2,1,1
1612350300,268.22,268.22,268.21,268.21,268.215,4,3
1612350600,268.21,268.21,268.21,268.21,268.21,0,0
1612350900,268.21,268.21,268.21,268.21,268.21,0,0
1612351200,268.21,268.21,268.21,268.21,268.21,0,0
1612351500,267.92,267.92,267.92,267.92,267.92,1,1
1612351800,267.92,267.92,267.92,267.92,267.92,0,0
1612352100,268.0,268.0,267.94,267.94,267.95,8,4
1612352400,267.94,267.94,267.94,267.94,267.94,5,2
1612352700,267.62,267.62,267.5,267.6,267.597,6,5
1612353000,267.62,267.62,267.61,267.61,267.619,15,9
1612353300,267.62,267.78,267.62,267.78,267.651,61,22
1612353600,267.4,267.65,267.4,267.4,267.565,12,7
1612353900,267.5,267.5,267.11,267.11,267.411,10,7
1612354200,267.22,267.25,267.0,267.0,267.173,36,14
1612354500,266.83,266.85,266.61,266.85,266.841,46,15
1612354800,266.52,266.52,266.51,266.51,266.516,2,2
1612355100,266.5,266.5,265.95,265.95,266.216,38,20
1612355400,265.85,265.85,265.5,265.85,265.61,30,18
1612355700,266.0,266.3,266.0,266.3,266.16,21,13
1612356000,266.7,266.7,266.03,266.03,266.371,35,18
1612356300,266.04,266.2,266.04,266.14,266.124,6,4
1612356600,266.11,266.22,265.93,265.93,266.022,76,10
1612356900,265.96,266.29,265.96,266.29,266.08,20,11
1612357200,267.66,267.78,265.58,266.47,267.06,104,36
1612357500,266.49,266.5,266.4,266.44,266.428,9,4
1612357800,266.33,266.33,265.94,266.0,266.008,47,12
1612358100,266.33,266.5,266.33,266.5,266.44,38,18
1612358400,266.51,266.68,266.5,266.68,266.533,10,7
1612358700,266.68,266.82,266.56,266.75,266.736,41,11
1612359000,266.82,266.98,266.82,266.98,266.93,23,12
1612359300,266.97,267.0,266.87,266.89,266.938,44,17
1612359600,267.0,267.02,266.47,266.65,266.899,37,17
1612359900,266.68,266.79,266.65,266.71,266.736,52,16
1612360200,266.68,266.7,266.64,266.64,266.693,49,9
1612360500,266.73,267.05,266.73,267.05,266.805,68,26
1612360800,267.08,267.24,266.85,266.85,267.01,25,14
1612361100,266.85,266.85,266.38,266.38,266.552,55,30
1612361400,266.25,267.0,266.25,267.0,266.508,79,38
1612361700,266.76,266.76,266.5,266.5,266.683,11,8
1612362000,266.53,266.89,266.17,266.17,266.448,46,28
1612362300,266.31,266.49,265.62,265.71,265.999,70,35
1612362600,265.72,266.79,264.33,265.31,265.356,8450,3325
1612362900,265.42,265.74,263.84,264.18,264.645,3096,1668
1612363200,264.18,265.51,263.85,264.75,264.743,2821,1631
1612363500,264.7,265.81,264.54,264.94,265.105,1964,1191
1612363800,264.86,266.3,264.74,266.3,265.336,2163,1208
1612364100,266.3,267.22,265.86,267.21,266.531,2360,1315
1612364400,267.24,267.81,266.66,267.45,267.346,3032,1669
1612364700,267.41,267.46,266.01,266.83,266.517,2501,1243
1612365000,266.83,267.55,265.74,266.8,266.743,1929,1188
1612365300,266.79,267.45,265.96,266.25,266.719,1585,1020
1612365600,266.39,266.7,265.54,266.56,266.102,1751,914
1612365900,266.61,266.67,265.34,265.35,266.036,1708,821
1612366200,265.37,266.26,265.37,265.83,265.821,1040,615
1612366500,265.85,265.99,265.15,265.82,265.595,961,500
1612366800,265.91,266.86,265.68,266.13,266.378,1079,536
1612367100,266.08,266.7,266.08,266.36,266.392,1306,717
1612367400,266.32,267.4,266.05,266.87,266.76,2127,968
1612367700,266.86,267.13,266.6,266.78,266.832,639,400
1612368000,266.77,267.45,266.76,266.98,267.095,747,465
1612368300,266.98,267.59,266.92,267.29,267.297,945,589
1612368600,267.33,267.44,266.62,266.92,267.013,1116,627
1612368900,266.94,267.15,266.7,266.82,266.921,664,450
1612369200,266.84,266.89,266.37,266.75,266.651,1022,625
1612369500,266.76,267.15,266.34,266.56,266.758,848,476
1612369800,266.59,267.01,266.05,266.83,266.452,1220,700
1612370100,266.91,267.03,266.64,267.0,266.935,574,322
1612370400,267.0,267.42,267.0,267.34,267.278,694,411
1612370700,267.37,267.49,267.16,267.31,267.352,808,408
1612371000,267.29,267.72,267.21,267.32,267.473,1139,568
1612371300,267.34,267.91,267.25,267.88,267.709,704,434
1612371600,267.91,268.41,267.73,267.84,268.113,2279,1038
1612371900,267.91,268.12,267.45,267.84,267.776,948,513
1612372200,267.92,268.13,267.62,268.03,267.974,1229,532
1612372500,268.1,268.48,267.96,268.31,268.306,884,428
1612372800,268.29,268.78,268.29,268.6,268.543,1019,594
1612373100,268.57,268.6,268.1,268.55,268.335,844,508
1612373400,268.53,268.61,267.9,268.07,268.259,829,510
1612373700,268.09,268.63,267.98,268.62,268.372,934,444
1612374000,268.6,268.88,268.42,268.62,268.696,855,447
1612374300,268.63,268.78,268.3,268.37,268.55,858,487
1612374600,268.43,268.95,268.33,268.82,268.718,978,552
1612374900,268.83,269.13,268.56,268.96,268.933,1448,572
1612375200,268.93,269.2,268.82,268.82,269.029,801,448
1612375500,268.85,269.1,268.72,268.86,268.907,911,467
1612375800,268.9,268.99,268.4,268.47,268.733,1082,604
1612376100,268.47,268.86,268.41,268.55,268.66,665,445
1612376400,268.51,268.52,267.93,268.07,268.166,1124,637
1612376700,268.06,268.39,267.94,268.25,268.146,400,214
1612377000,268.24,268.3,267.84,268.09,268.033,642,289
1612377300,268.09,268.26,267.99,268.02,268.161,519,284
1612377600,268.02,268.54,267.92,268.33,268.326,1130,454
1612377900,268.35,268.56,268.21,268.33,268.376,789,452
1612378200,268.34,268.37,267.77,267.88,268.024,647,363
1612378500,267.93,268.38,267.93,268.13,268.127,636,413
1612378800,268.16,268.17,267.62,267.76,267.837,623,344
1612379100,267.74,268.21,267.73,267.87,268.009,534,317
1612379400,267.87,267.9,267.38,267.38,267.722,1380,372
1612379700,267.39,267.4,266.95,266.97,267.111,1177,578
1612380000,267.02,267.85,267.01,267.73,267.501,814,383
1612380300,267.73,267.89,267.62,267.88,267.765,566,290
1612380600,267.87,268.23,267.82,267.83,268.029,745,431
1612380900,267.84,268.15,267.46,268.0,267.898,795,492
1612381200,268.01,268.06,267.54,267.82,267.799,462,283
1612381500,267.79,267.88,267.46,267.5,267.663,556,334
1612381800,267.5,267.87,267.42,267.82,267.623,745,334
1612382100,267.86,267.94,267.33,267.42,267.67,600,350
1612382400,267.36,267.55,267.01,267.39,267.254,950,528
1612382700,267.4,267.8,267.22,267.72,267.58,539,309
1612383000,267.7,267.81,267.54,267.72,267.691,519,359
1612383300,267.75,267.93,267.16,267.22,267.519,958,573
1612383600,267.19,267.74,267.05,267.61,267.425,830,494
1612383900,267.59,267.59,266.68,266.78,267.073,1133,686
1612384200,266.8,267.65,266.56,267.61,266.962,1189,763
1612384500,267.59,267.83,267.46,267.65,267.645,1245,738
1612384800,267.63,267.96,267.57,267.69,267.746,1306,760
1612385100,267.7,267.76,266.93,267.19,267.257,1380,795
1612385400,267.17,267.17,266.7,266.97,266.981,1691,1293
1612385700,266.96,267.11,266.65,266.68,266.923,2913,1950
1612386000,266.65,266.87,266.65,266.65,266.65,7639,64
1612386300,266.95,267.0,266.95,267.0,266.96,9,7
1612386600,267.1,267.15,266.71,266.71,267.03,18,10
1612386900,266.78,266.8,266.76,266.8,266.772,11,4
1612387200,266.76,266.76,266.76,266.76,266.76,7,2
1612387500,266.76,266.76,266.76,266.76,266.76,7,4
1612387800,267.0,267.0,266.94,266.95,266.979,8,3
1612388100,266.93,267.1,266.93,267.1,267.003,33,15
1612388400,267.0,267.0,267.0,267.0,267.0,8,1
1612388700,267.0,267.0,267.0,267.0,267.0,4,1
1612389000,267.15,267.15,267.13,267.13,267.139,6,3
1612389300,267.07,267.07,266.7,266.7,266.982,20,4
1612389600,266.73,267.15,266.73,267.05,267.097,19,8
1612389900,267.05,267.05,267.05,267.05,267.05,0,0
1612390200,266.85,266.85,266.85,266.85,266.85,1,1
1612390500,266.91,266.91,266.91,266.91,266.91,10,3
1612390800,266.95,266.95,266.9,266.9,266.942,6,3
1612391100,266.9,267.0,266.9,267.0,266.971,11,4
1612391400,267.05,267.05,267.05,267.05,267.05,1,1
1612391700,267.0,267.13,267.0,267.13,267.056,4,3
1612392000,267.01,267.01,267.0,267.0,267.006,5,3
1612392300,266.94,266.94,266.9,266.9,266.908,10,6
1612392600,266.8,266.8,266.8,266.8,266.8,4,3
1612392900,266.8,267.07,266.8,267.0,266.998,16,8
1612393200,267.0,267.0,266.73,266.73,266.926,11,5
1612393500,266.7,266.71,266.7,266.71,266.705,2,2
1612393800,266.71,266.95,266.71,266.95,266.809,3,2
1612394100,266.9,266.9,266.9,266.9,266.9,1,1
1612394400,266.87,266.9,266.65,266.85,266.738,36,7
1612394700,266.85,266.85,266.85,266.85,266.85,0,0
1612395000,266.76,266.88,266.65,266.88,266.656,199,4
1612395300,266.65,266.65,266.65,266.65,266.65,224,1
1612395600,266.88,266.88,266.88,266.88,266.88,1,1
1612395900,266.88,266.88,266.88,266.88,266.88,0,0
1612396200,266.94,266.94,266.87,266.87,266.932,8,3
1612396500,266.81,266.81,266.81,266.81,266.81,4,1
1612396800,266.98,267.0,266.83,266.83,266.941,16,5
1612397100,266.94,266.94,266.94,266.94,266.94,1,1
1612397400,267.0,267.0,267.0,267.0,267.0,1,1
1612397700,267.0,267.0,267.0,267.0,267.0,0,0
1612398000,266.98,267.0,266.92,266.92,266.992,28,5
1612398300,266.98,267.12,266.98,267.1,267.083,17,11
1612398600,267.23,267.26,267.23,267.26,267.251,9,6
1612398900,267.04,267.04,267.01,267.01,267.018,9,4
1612399200,267.01,267.01,267.01,267.01,267.01,0,0
1612399500,267.0,267.0,266.7,266.7,266.734,10,5
1612399800,266.7,267.02,266.7,267.0,266.961,45,9
1612400100,267.0,267.0,266.71,266.71,266.986,20,6
